<?xml version="1.0" encoding="UTF-8"?>
<!DOCTYPE suite SYSTEM "https://testng.org/testng-1.0.dtd">
<suite thread-count="1" verbose="0" name="Failed suite [Reg 2]" parallel="tests" data-provider-thread-count="1">
  <test thread-count="1" verbose="0" name="Regression 2(failed)" parallel="tests">
    <classes>
      <class name="Runner.TestRunnerApi">
        <methods>
          <include name="runScenario" invocation-numbers="0 9 12 15"/>
          <include name="tearDownClass"/>
          <include name="setUpClass"/>
        </methods>
      </class> <!-- Runner.TestRunnerApi -->
    </classes>
  </test> <!-- Regression 2(failed) -->
</suite> <!-- Failed suite [Reg 2] -->
